/*
Navicat MySQL Data Transfer

Source Server         : bruce
Source Server Version : 50720
Source Host           : localhost:3306
Source Database       : test1

Target Server Type    : MYSQL
Target Server Version : 50720
File Encoding         : 65001

Date: 2018-03-22 22:31:37
*/

SET FOREIGN_KEY_CHECKS=0;

-- ----------------------------
-- Table structure for sys_acl
-- ----------------------------
DROP TABLE IF EXISTS `sys_acl`;
CREATE TABLE `sys_acl` (
  `id` int(11) NOT NULL AUTO_INCREMENT,
  `code` varchar(20) COLLATE utf8_bin NOT NULL DEFAULT '' COMMENT '权限码',
  `name` varchar(20) COLLATE utf8_bin NOT NULL DEFAULT '' COMMENT '权限名称',
  `acl_module_id` int(11) NOT NULL DEFAULT '0' COMMENT '权限所在的权限模块id',
  `url` varchar(100) COLLATE utf8_bin NOT NULL DEFAULT '' COMMENT '请求的url，可以正则表达式',
  `type` int(11) NOT NULL DEFAULT '1' COMMENT '类型  1:菜单  2:按钮  3:其他',
  `status` int(11) NOT NULL DEFAULT '1' COMMENT '状态  1:正常 0:冻结 ',
  `seq` int(11) NOT NULL DEFAULT '0' COMMENT '权限在当前模块下的顺序',
  `remark` varchar(200) COLLATE utf8_bin DEFAULT '' COMMENT '备注',
  `operator` varchar(20) COLLATE utf8_bin NOT NULL DEFAULT '' COMMENT '操作者',
  `operator_time` datetime NOT NULL DEFAULT CURRENT_TIMESTAMP COMMENT '最后一次更新的时间',
  `operator_ip` varchar(20) COLLATE utf8_bin DEFAULT '' COMMENT '更新者的ip',
  PRIMARY KEY (`id`)
) ENGINE=InnoDB AUTO_INCREMENT=11 DEFAULT CHARSET=utf8 COLLATE=utf8_bin;

-- ----------------------------
-- Records of sys_acl
-- ----------------------------
INSERT INTO `sys_acl` VALUES ('1', '20180306233113_0', '进入产品页面', '1', '/sys/product/product.page', '1', '1', '1', '', 'bruce', '2018-03-06 23:35:01', '0:0:0:0:0:0:0:1');
INSERT INTO `sys_acl` VALUES ('2', '20180306233601_0', '产品列表', '1', '/sys/product/page.json', '2', '1', '2', '', 'bruce', '2018-03-06 23:36:01', '0:0:0:0:0:0:0:1');
INSERT INTO `sys_acl` VALUES ('3', '20180306233654_0', '产品上架', '4', '/sys/product/online.json', '2', '1', '3', '', 'bruce', '2018-03-12 23:21:09', '0:0:0:0:0:0:0:1');
INSERT INTO `sys_acl` VALUES ('4', '20180306233725_0', '产品下架', '5', '/sys/product/offline.json', '2', '1', '4', '功能下线', 'bruce', '2018-03-12 23:32:25', '0:0:0:0:0:0:0:1');
INSERT INTO `sys_acl` VALUES ('5', '20180312231037_0', '进入订单页', '2', '/sys/order/order.page', '1', '1', '1', '', 'bruce', '2018-03-12 23:20:44', '0:0:0:0:0:0:0:1');
INSERT INTO `sys_acl` VALUES ('6', '20180312232233_0', '查询订单列表', '2', '/sys/order/list.json', '2', '1', '2', '', 'bruce', '2018-03-12 23:22:33', '0:0:0:0:0:0:0:1');
INSERT INTO `sys_acl` VALUES ('7', '20180312232557_0', '进入权限管理页', '7', '/sys/aclModule/acl.page', '1', '1', '1', '', 'bruce', '2018-03-12 23:25:57', '0:0:0:0:0:0:0:1');
INSERT INTO `sys_acl` VALUES ('8', '20180312232618_0', '进入角色管理页', '8', '/sys/role/role.page', '1', '1', '1', '', 'bruce', '2018-03-12 23:26:19', '0:0:0:0:0:0:0:1');
INSERT INTO `sys_acl` VALUES ('9', '20180312232649_0', '进入用户管理页', '9', '/sys/dept/dept.page', '1', '1', '1', '', 'bruce', '2018-03-12 23:26:49', '0:0:0:0:0:0:0:1');
INSERT INTO `sys_acl` VALUES ('10', '20180320215226_0', '进入权限更新记录页面', '11', '/sys/log/log.page', '1', '1', '1', '', 'bruce', '2018-03-20 21:52:26', '0:0:0:0:0:0:0:1');

-- ----------------------------
-- Table structure for sys_acl_module
-- ----------------------------
DROP TABLE IF EXISTS `sys_acl_module`;
CREATE TABLE `sys_acl_module` (
  `id` int(11) NOT NULL AUTO_INCREMENT COMMENT '权限模块id',
  `name` varchar(20) NOT NULL DEFAULT '' COMMENT '权限模块名称',
  `parent_id` int(11) NOT NULL DEFAULT '0' COMMENT '上级权限模块的id',
  `level` varchar(200) NOT NULL DEFAULT '' COMMENT '权限模块层级',
  `seq` int(11) NOT NULL DEFAULT '0' COMMENT '部门在当前层级下的顺序',
  `status` int(11) NOT NULL DEFAULT '1' COMMENT '状态',
  `remark` varchar(200) DEFAULT '' COMMENT '备注',
  `operator` varchar(20) NOT NULL DEFAULT '' COMMENT '操作者',
  `operator_time` datetime NOT NULL DEFAULT CURRENT_TIMESTAMP COMMENT '最后一次操作的时间',
  `operator_ip` varchar(20) NOT NULL DEFAULT '' COMMENT '最后一次更新者的ip',
  PRIMARY KEY (`id`)
) ENGINE=InnoDB AUTO_INCREMENT=12 DEFAULT CHARSET=utf8 ROW_FORMAT=DYNAMIC;

-- ----------------------------
-- Records of sys_acl_module
-- ----------------------------
INSERT INTO `sys_acl_module` VALUES ('1', '产品管理', '0', '0', '1', '1', '撒大大', 'bruce', '2018-03-06 22:45:28', '0:0:0:0:0:0:0:1');
INSERT INTO `sys_acl_module` VALUES ('2', '订单管理', '0', '0', '2', '1', '', 'bruce', '2018-03-06 22:40:17', '0:0:0:0:0:0:0:1');
INSERT INTO `sys_acl_module` VALUES ('3', '公告管理', '0', '0', '3', '1', '', 'bruce', '2018-03-06 22:40:36', '0:0:0:0:0:0:0:1');
INSERT INTO `sys_acl_module` VALUES ('4', '出售中产品管理', '1', '0.1', '1', '1', '', 'bruce', '2018-03-06 22:41:13', '0:0:0:0:0:0:0:1');
INSERT INTO `sys_acl_module` VALUES ('5', '下架产品管理', '1', '0.1', '2', '1', '', 'bruce', '2018-03-06 22:41:26', '0:0:0:0:0:0:0:1');
INSERT INTO `sys_acl_module` VALUES ('6', '权限管理', '0', '0', '4', '1', '', 'bruce', '2018-03-12 23:23:19', '0:0:0:0:0:0:0:1');
INSERT INTO `sys_acl_module` VALUES ('7', '权限管理', '6', '0.6', '1', '1', '', 'bruce', '2018-03-12 23:24:37', '0:0:0:0:0:0:0:1');
INSERT INTO `sys_acl_module` VALUES ('8', '角色管理', '6', '0.6', '2', '1', '', 'bruce', '2018-03-12 23:24:58', '0:0:0:0:0:0:0:1');
INSERT INTO `sys_acl_module` VALUES ('9', '用户管理', '6', '0.6', '3', '1', '', 'bruce', '2018-03-12 23:25:15', '0:0:0:0:0:0:0:1');
INSERT INTO `sys_acl_module` VALUES ('10', '运维管理', '0', '0', '5', '1', 'sfas', 'bruce', '2018-03-20 21:50:41', '0:0:0:0:0:0:0:1');
INSERT INTO `sys_acl_module` VALUES ('11', '权限更新记录管理', '6', '0.6', '4', '1', '', 'bruce', '2018-03-20 21:51:22', '0:0:0:0:0:0:0:1');

-- ----------------------------
-- Table structure for sys_dept
-- ----------------------------
DROP TABLE IF EXISTS `sys_dept`;
CREATE TABLE `sys_dept` (
  `id` int(11) NOT NULL AUTO_INCREMENT COMMENT '部门id',
  `name` varchar(20) NOT NULL DEFAULT '' COMMENT '部门名称',
  `parent_id` int(11) NOT NULL DEFAULT '0' COMMENT '上级部门的id',
  `level` varchar(200) NOT NULL DEFAULT '' COMMENT '部门层级',
  `seq` int(11) NOT NULL DEFAULT '0' COMMENT '部门在当前层级下的顺序',
  `remark` varchar(200) DEFAULT '' COMMENT '备注',
  `operator` varchar(20) NOT NULL DEFAULT '' COMMENT '操作者',
  `operator_time` datetime NOT NULL DEFAULT CURRENT_TIMESTAMP COMMENT '最后一次操作的时间',
  `operator_ip` varchar(20) NOT NULL DEFAULT '' COMMENT '最后一次更新者的ip',
  PRIMARY KEY (`id`)
) ENGINE=InnoDB AUTO_INCREMENT=7 DEFAULT CHARSET=utf8;

-- ----------------------------
-- Records of sys_dept
-- ----------------------------
INSERT INTO `sys_dept` VALUES ('1', '技术部', '0', '0', '1', '技术部哈哈', 'bruce', '2018-03-20 21:47:29', '0:0:0:0:0:0:0:1');
INSERT INTO `sys_dept` VALUES ('2', '后端开发', '1', '0.1', '1', '后端设计', 'system-update', '2018-03-03 23:03:15', '127.0.0.1');
INSERT INTO `sys_dept` VALUES ('3', '前端开发', '1', '0.1', '2', '', 'system', '2018-03-01 23:09:59', '127.0.0.1');
INSERT INTO `sys_dept` VALUES ('4', 'UI设计', '1', '0.1', '3', 'UI设计', 'system', '2018-03-03 20:15:22', '127.0.0.1');
INSERT INTO `sys_dept` VALUES ('5', '客服部', '0', '0', '3', '', 'bruce', '2018-03-20 21:48:55', '0:0:0:0:0:0:0:1');
INSERT INTO `sys_dept` VALUES ('6', '产品部', '0', '0', '2', '', 'bruce', '2018-03-20 21:49:02', '0:0:0:0:0:0:0:1');

-- ----------------------------
-- Table structure for sys_log
-- ----------------------------
DROP TABLE IF EXISTS `sys_log`;
CREATE TABLE `sys_log` (
  `id` int(11) NOT NULL AUTO_INCREMENT,
  `type` int(11) NOT NULL DEFAULT '0' COMMENT '权限更新的类型 1:部门 2:用户 3:权限模块 4:权限 5:角色 6:角色用户关系 7:角色权限关系',
  `target_id` int(11) NOT NULL COMMENT '基于type后指定的id',
  `old_value` text COLLATE utf8_bin COMMENT '旧值',
  `new_value` text COLLATE utf8_bin COMMENT '新值',
  `operator` varchar(20) COLLATE utf8_bin NOT NULL DEFAULT '' COMMENT '操纵者',
  `operator_time` datetime NOT NULL DEFAULT CURRENT_TIMESTAMP COMMENT '最后一次更新的时间',
  `operator_ip` varchar(20) COLLATE utf8_bin NOT NULL DEFAULT '' COMMENT '最后一次更新者的ip',
  `status` int(11) NOT NULL DEFAULT '0' COMMENT '当前是否复原过  0:没有 1:复原过',
  PRIMARY KEY (`id`)
) ENGINE=InnoDB AUTO_INCREMENT=14 DEFAULT CHARSET=utf8 COLLATE=utf8_bin;

-- ----------------------------
-- Records of sys_log
-- ----------------------------
INSERT INTO `sys_log` VALUES ('1', '1', '1', 0x7B226964223A312C226E616D65223A22E68A80E69CAFE983A8222C22706172656E744964223A302C226C6576656C223A2230222C22736571223A312C2272656D61726B223A22E68A80E69CAFE983A8222C226F70657261746F72223A2273797374656D222C226F70657261746F7254696D65223A313531393931363930323030302C226F70657261746F724970223A223132372E302E302E31227D, 0x7B226964223A312C226E616D65223A22E68A80E69CAFE983A8222C22706172656E744964223A302C226C6576656C223A2230222C22736571223A312C2272656D61726B223A22E68A80E69CAFE983A8E59388E59388222C226F70657261746F72223A226272756365222C226F70657261746F7254696D65223A313532313535333634383536352C226F70657261746F724970223A22303A303A303A303A303A303A303A31227D, 'bruce', '2018-03-20 21:47:29', '0:0:0:0:0:0:0:1', '1');
INSERT INTO `sys_log` VALUES ('2', '1', '5', '', 0x7B226964223A352C226E616D65223A22E5AEA2E69C8DE983A8222C22706172656E744964223A302C226C6576656C223A2230222C22736571223A322C226F70657261746F72223A226272756365222C226F70657261746F7254696D65223A313532313535333731363633352C226F70657261746F724970223A22303A303A303A303A303A303A303A31227D, 'bruce', '2018-03-20 21:48:37', '0:0:0:0:0:0:0:1', '1');
INSERT INTO `sys_log` VALUES ('3', '1', '5', 0x7B226964223A352C226E616D65223A22E5AEA2E69C8DE983A8222C22706172656E744964223A302C226C6576656C223A2230222C22736571223A322C226F70657261746F72223A226272756365222C226F70657261746F7254696D65223A313532313535333731373030302C226F70657261746F724970223A22303A303A303A303A303A303A303A31227D, 0x7B226964223A352C226E616D65223A22E5AEA2E69C8DE983A8222C22706172656E744964223A302C226C6576656C223A2230222C22736571223A332C226F70657261746F72223A226272756365222C226F70657261746F7254696D65223A313532313535333733343931322C226F70657261746F724970223A22303A303A303A303A303A303A303A31227D, 'bruce', '2018-03-20 21:48:55', '0:0:0:0:0:0:0:1', '1');
INSERT INTO `sys_log` VALUES ('4', '1', '6', '', 0x7B226964223A362C226E616D65223A22E4BAA7E59381E983A8222C22706172656E744964223A302C226C6576656C223A2230222C22736571223A322C226F70657261746F72223A226272756365222C226F70657261746F7254696D65223A313532313535333734323337372C226F70657261746F724970223A22303A303A303A303A303A303A303A31227D, 'bruce', '2018-03-20 21:49:02', '0:0:0:0:0:0:0:1', '1');
INSERT INTO `sys_log` VALUES ('5', '2', '5', '', 0x7B226964223A352C22757365726E616D65223A224B617465222C2274656C6570686F6E65223A22313331343434353535222C226D61696C223A224B6174654071712E636F6D222C2270617373776F7264223A223137343538423035434139394341304346333837393131433445443235323237222C22646570744964223A312C22737461747573223A312C226F70657261746F72223A226272756365222C226F70657261746F7254696D65223A313532313535333738373837372C226F70657261746F724970223A22303A303A303A303A303A303A303A31227D, 'bruce', '2018-03-20 21:49:49', '0:0:0:0:0:0:0:1', '1');
INSERT INTO `sys_log` VALUES ('6', '2', '5', 0x7B226964223A352C22757365726E616D65223A224B617465222C2274656C6570686F6E65223A22313331343434353535222C226D61696C223A224B6174654071712E636F6D222C2270617373776F7264223A223137343538423035434139394341304346333837393131433445443235323237222C22646570744964223A312C22737461747573223A312C226F70657261746F72223A226272756365222C226F70657261746F7254696D65223A313532313535333738383030302C226F70657261746F724970223A22303A303A303A303A303A303A303A31227D, 0x7B226964223A352C22757365726E616D65223A224B617465222C2274656C6570686F6E65223A223133313434343535353535222C226D61696C223A224B6174654071712E636F6D222C2270617373776F7264223A223137343538423035434139394341304346333837393131433445443235323237222C22646570744964223A312C22737461747573223A312C2272656D61726B223A2273736166222C226F70657261746F72223A226272756365222C226F70657261746F7254696D65223A313532313535333830383532382C226F70657261746F724970223A22303A303A303A303A303A303A303A31227D, 'bruce', '2018-03-20 21:50:09', '0:0:0:0:0:0:0:1', '1');
INSERT INTO `sys_log` VALUES ('7', '3', '10', '', 0x7B226964223A31302C226E616D65223A22E8BF90E7BBB4E7AEA1E79086222C22706172656E744964223A302C226C6576656C223A2230222C22736571223A352C22737461747573223A312C226F70657261746F72223A226272756365222C226F70657261746F7254696D65223A313532313535333833343334332C226F70657261746F724970223A22303A303A303A303A303A303A303A31227D, 'bruce', '2018-03-20 21:50:34', '0:0:0:0:0:0:0:1', '1');
INSERT INTO `sys_log` VALUES ('8', '3', '10', 0x7B226964223A31302C226E616D65223A22E8BF90E7BBB4E7AEA1E79086222C22706172656E744964223A302C226C6576656C223A2230222C22736571223A352C22737461747573223A312C226F70657261746F72223A226272756365222C226F70657261746F7254696D65223A313532313535333833343030302C226F70657261746F724970223A22303A303A303A303A303A303A303A31227D, 0x7B226964223A31302C226E616D65223A22E8BF90E7BBB4E7AEA1E79086222C22706172656E744964223A302C226C6576656C223A2230222C22736571223A352C22737461747573223A312C2272656D61726B223A2273666173222C226F70657261746F72223A226272756365222C226F70657261746F7254696D65223A313532313535333834303932382C226F70657261746F724970223A22303A303A303A303A303A303A303A31227D, 'bruce', '2018-03-20 21:50:41', '0:0:0:0:0:0:0:1', '1');
INSERT INTO `sys_log` VALUES ('9', '3', '11', '', 0x7B226964223A31312C226E616D65223A22E69D83E99990E69BB4E696B0E8AEB0E5BD95E7AEA1E79086222C22706172656E744964223A362C226C6576656C223A22302E36222C22736571223A342C22737461747573223A312C226F70657261746F72223A226272756365222C226F70657261746F7254696D65223A313532313535333838313734372C226F70657261746F724970223A22303A303A303A303A303A303A303A31227D, 'bruce', '2018-03-20 21:51:22', '0:0:0:0:0:0:0:1', '1');
INSERT INTO `sys_log` VALUES ('10', '4', '10', '', 0x7B226964223A31302C22636F6465223A2232303138303332303231353232365F30222C226E616D65223A22E8BF9BE585A5E69D83E99990E69BB4E696B0E8AEB0E5BD95E9A1B5E99DA2222C2261636C4D6F64756C654964223A31312C2275726C223A222F7379732F6C6F672F6C6F672E70616765222C2274797065223A312C22737461747573223A312C22736571223A312C226F70657261746F72223A226272756365222C226F70657261746F7254696D65223A313532313535333934363338332C226F70657261746F724970223A22303A303A303A303A303A303A303A31227D, 'bruce', '2018-03-20 21:52:26', '0:0:0:0:0:0:0:1', '1');
INSERT INTO `sys_log` VALUES ('11', '5', '5', '', 0x7B226964223A352C226E616D65223A22E8BF90E7BBB4E7AEA1E79086E79CBC222C2274797065223A312C22737461747573223A312C226F70657261746F72223A226272756365222C226F70657261746F7254696D65223A313532313535343130343833342C226F70657261746F724970223A22303A303A303A303A303A303A303A31227D, 'bruce', '2018-03-20 21:55:05', '0:0:0:0:0:0:0:1', '1');
INSERT INTO `sys_log` VALUES ('12', '5', '5', 0x7B226964223A352C226E616D65223A22E8BF90E7BBB4E7AEA1E79086E79CBC222C2274797065223A312C22737461747573223A312C226F70657261746F72223A226272756365222C226F70657261746F7254696D65223A313532313535343130353030302C226F70657261746F724970223A22303A303A303A303A303A303A303A31227D, 0x7B226964223A352C226E616D65223A22E8BF90E7BBB4E7AEA1E79086E79CBC222C2274797065223A312C22737461747573223A312C2272656D61726B223A22E8BF90E7BBB4222C226F70657261746F72223A226272756365222C226F70657261746F7254696D65223A313532313535343131363230332C226F70657261746F724970223A22303A303A303A303A303A303A303A31227D, 'bruce', '2018-03-20 21:55:16', '0:0:0:0:0:0:0:1', '1');
INSERT INTO `sys_log` VALUES ('13', '6', '4', 0x5B372C382C395D, 0x5B372C382C392C31305D, 'bruce', '2018-03-20 22:34:35', '0:0:0:0:0:0:0:1', '1');

-- ----------------------------
-- Table structure for sys_role
-- ----------------------------
DROP TABLE IF EXISTS `sys_role`;
CREATE TABLE `sys_role` (
  `id` int(11) NOT NULL AUTO_INCREMENT COMMENT '角色id',
  `name` varchar(20) COLLATE utf8_bin NOT NULL DEFAULT '' COMMENT '角色名称',
  `type` int(11) NOT NULL DEFAULT '1' COMMENT '角色类型 1:管理员角色 2:其他',
  `status` int(11) NOT NULL DEFAULT '1' COMMENT '状态 ',
  `remark` varchar(200) COLLATE utf8_bin DEFAULT '' COMMENT '备注',
  `operator` varchar(20) COLLATE utf8_bin NOT NULL DEFAULT '' COMMENT '操作者',
  `operator_time` datetime NOT NULL DEFAULT CURRENT_TIMESTAMP COMMENT '最后一次更新的时间',
  `operator_ip` varchar(20) COLLATE utf8_bin NOT NULL DEFAULT '' COMMENT '最后一次更新者的ip地址',
  PRIMARY KEY (`id`)
) ENGINE=InnoDB AUTO_INCREMENT=6 DEFAULT CHARSET=utf8 COLLATE=utf8_bin;

-- ----------------------------
-- Records of sys_role
-- ----------------------------
INSERT INTO `sys_role` VALUES ('1', '产品管理员', '1', '1', 'uu', 'bruce', '2018-03-12 21:31:26', '0:0:0:0:0:0:0:1');
INSERT INTO `sys_role` VALUES ('2', '订单管理员', '1', '1', '', 'bruce', '2018-03-12 21:31:32', '0:0:0:0:0:0:0:1');
INSERT INTO `sys_role` VALUES ('3', '公告管理员', '1', '1', '', 'bruce', '2018-03-12 21:31:49', '0:0:0:0:0:0:0:1');
INSERT INTO `sys_role` VALUES ('4', '权限管理员', '1', '1', '', 'bruce', '2018-03-12 23:33:01', '0:0:0:0:0:0:0:1');
INSERT INTO `sys_role` VALUES ('5', '运维管理眼', '1', '1', '运维', 'bruce', '2018-03-20 21:55:16', '0:0:0:0:0:0:0:1');

-- ----------------------------
-- Table structure for sys_role_acl
-- ----------------------------
DROP TABLE IF EXISTS `sys_role_acl`;
CREATE TABLE `sys_role_acl` (
  `id` int(11) NOT NULL AUTO_INCREMENT,
  `role_id` int(11) NOT NULL COMMENT '角色id',
  `acl_id` int(11) NOT NULL COMMENT '权限id',
  `operator` varchar(20) COLLATE utf8_bin NOT NULL DEFAULT '' COMMENT '操作者',
  `operator_time` datetime NOT NULL DEFAULT CURRENT_TIMESTAMP COMMENT '最后一次更新的时间',
  `operator_ip` varchar(20) COLLATE utf8_bin NOT NULL DEFAULT '' COMMENT '最后一次操作者的ip地址',
  PRIMARY KEY (`id`)
) ENGINE=InnoDB AUTO_INCREMENT=15 DEFAULT CHARSET=utf8 COLLATE=utf8_bin;

-- ----------------------------
-- Records of sys_role_acl
-- ----------------------------
INSERT INTO `sys_role_acl` VALUES ('11', '4', '7', 'bruce', '2018-03-20 22:34:35', '0:0:0:0:0:0:0:1');
INSERT INTO `sys_role_acl` VALUES ('12', '4', '8', 'bruce', '2018-03-20 22:34:35', '0:0:0:0:0:0:0:1');
INSERT INTO `sys_role_acl` VALUES ('13', '4', '9', 'bruce', '2018-03-20 22:34:35', '0:0:0:0:0:0:0:1');
INSERT INTO `sys_role_acl` VALUES ('14', '4', '10', 'bruce', '2018-03-20 22:34:35', '0:0:0:0:0:0:0:1');

-- ----------------------------
-- Table structure for sys_role_user
-- ----------------------------
DROP TABLE IF EXISTS `sys_role_user`;
CREATE TABLE `sys_role_user` (
  `id` int(11) NOT NULL AUTO_INCREMENT,
  `role_id` int(11) NOT NULL COMMENT '角色id',
  `user_id` int(11) NOT NULL COMMENT '用户id',
  `operator` varchar(20) COLLATE utf8_bin NOT NULL DEFAULT '' COMMENT '操作者',
  `operator_time` datetime NOT NULL DEFAULT CURRENT_TIMESTAMP COMMENT '最后一次操作的时间',
  `operator_ip` varchar(20) COLLATE utf8_bin DEFAULT '' COMMENT '最后一次操作者的ip地址',
  PRIMARY KEY (`id`)
) ENGINE=InnoDB AUTO_INCREMENT=7 DEFAULT CHARSET=utf8 COLLATE=utf8_bin;

-- ----------------------------
-- Records of sys_role_user
-- ----------------------------
INSERT INTO `sys_role_user` VALUES ('5', '4', '1', 'bruce', '2018-03-15 22:13:38', '0:0:0:0:0:0:0:1');
INSERT INTO `sys_role_user` VALUES ('6', '4', '2', 'bruce', '2018-03-15 22:13:38', '0:0:0:0:0:0:0:1');

-- ----------------------------
-- Table structure for sys_user
-- ----------------------------
DROP TABLE IF EXISTS `sys_user`;
CREATE TABLE `sys_user` (
  `id` int(11) NOT NULL AUTO_INCREMENT,
  `username` varchar(20) COLLATE utf8_bin NOT NULL DEFAULT '' COMMENT '用户名称',
  `telephone` varchar(13) COLLATE utf8_bin NOT NULL DEFAULT '' COMMENT '手机号',
  `mail` varchar(20) COLLATE utf8_bin NOT NULL DEFAULT '' COMMENT '邮箱',
  `password` varchar(40) COLLATE utf8_bin NOT NULL DEFAULT '' COMMENT '加密后的密码',
  `dept_id` int(11) NOT NULL DEFAULT '0' COMMENT '用户所在部门的id',
  `status` int(11) NOT NULL DEFAULT '1' COMMENT '状态,1:正常 , 0:冻结  2:删除',
  `remark` varchar(200) COLLATE utf8_bin DEFAULT '' COMMENT '备注',
  `operator` varchar(20) COLLATE utf8_bin NOT NULL DEFAULT '' COMMENT '操作者',
  `operator_time` datetime NOT NULL DEFAULT CURRENT_TIMESTAMP COMMENT '最后一次更新时间',
  `operator_ip` varchar(20) COLLATE utf8_bin NOT NULL DEFAULT '' COMMENT '最后一次更新者的ip',
  PRIMARY KEY (`id`)
) ENGINE=InnoDB AUTO_INCREMENT=6 DEFAULT CHARSET=utf8 COLLATE=utf8_bin;

-- ----------------------------
-- Records of sys_user
-- ----------------------------
INSERT INTO `sys_user` VALUES ('1', 'bruce', '13535430871', 'admin123@qq.com', 'E10ADC3949BA59ABBE56E057F20F883E', '1', '1', '系统超级管理员，哈哈', 'bruce', '2018-03-15 22:09:16', '0:0:0:0:0:0:0:1');
INSERT INTO `sys_user` VALUES ('2', 'flower', '15622197948', 'bruclet_1993@163.com', 'E10ADC3949BA59ABBE56E057F20F883E', '1', '1', '小仙女一枚', 'bruce', '2018-03-05 21:45:12', '127.0.0.1');
INSERT INTO `sys_user` VALUES ('3', '小强', '13843764132', 'w3341321@qq.com', 'E10ADC3949BA59ABBE56E057F20F883E', '2', '1', '专业背锅侠', 'bruce', '2018-03-05 22:09:11', '0:0:0:0:0:0:0:1');
INSERT INTO `sys_user` VALUES ('4', '小丽', '12323434453', '3121231@qq.com', 'F94517B7B18A73103537BBF34BF9E648', '3', '1', '效率第一', 'bruce', '2018-03-05 22:14:02', '0:0:0:0:0:0:0:1');
INSERT INTO `sys_user` VALUES ('5', 'Kate', '13144455555', 'Kate@qq.com', '17458B05CA99CA0CF387911C4ED25227', '1', '1', 'ssaf', 'bruce', '2018-03-20 21:50:09', '0:0:0:0:0:0:0:1');

-- ----------------------------
-- Table structure for test
-- ----------------------------
DROP TABLE IF EXISTS `test`;
CREATE TABLE `test` (
  `a` char(1) COLLATE utf8_bin DEFAULT NULL
) ENGINE=InnoDB DEFAULT CHARSET=utf8 COLLATE=utf8_bin;

-- ----------------------------
-- Records of test
-- ----------------------------
